CPU_Count,JobCount,avg_elapsed_time_s,std_elapsed_time,MaxVMSize_GB,std_VMmax
1,10,187.7,2.0024984394500787,1.199041748046875,0.00985202746287625
2,10,113.2,6.3999999999999995,1.1831192016601562,0.008004898429323446
4,10,75.6,12.018319350058892,1.1832683563232422,0.017211111879424496
8,10,35.1,4.39203825119955,0.7000827789306641,0.23628906940839647
16,10,37.4,20.313542280951395,0.8633922576904297,0.37569053435103383
32,10,35.6,2.1540659228538015,1.1733901977539063,0.023960277190588557
